-- Insertar datos Usuarios
INSERT INTO Usuarios (nombre, apellido1, apellido2, rol, email, activo) VALUES ('Rolando', 'Noriega', 'Plana', 'paciente', 'bartolomeluis@mendez.es', 1);
INSERT INTO Usuarios (nombre, apellido1, apellido2, rol, email, activo) VALUES ('Jenny', 'Bautista', 'Diego', 'paciente', 'fustercurro@muro-lasa.es', 1);
INSERT INTO Usuarios (nombre, apellido1, apellido2, rol, email, activo) VALUES ('Fito', 'Pareja', 'Sarmiento', 'paciente', 'barrancodimas@bermejo.com', 1);
INSERT INTO Usuarios (nombre, apellido1, apellido2, rol, email, activo) VALUES ('Paca', 'Alemán', 'Villa', 'paciente', 'pizarrojordana@yahoo.com', 1);
INSERT INTO Usuarios (nombre, apellido1, apellido2, rol, email, activo) VALUES ('Luis Ángel', 'Hernández', 'Fuertes', 'paciente', 'acontreras@hotmail.com', 1);
INSERT INTO Usuarios (nombre, apellido1, apellido2, rol, email, activo) VALUES ('Victor', 'Salas', 'López', 'paciente', 'lfeliu@yahoo.com', 1);
INSERT INTO Usuarios (nombre, apellido1, apellido2, rol, email, activo) VALUES ('Rita', 'Arco', 'Badía', 'paciente', 'qroig@redondo-calderon.es', 1);
INSERT INTO Usuarios (nombre, apellido1, apellido2, rol, email, activo) VALUES ('Felix', 'Valencia', 'Ugarte', 'paciente', 'loreto44@gmail.com', 1);
INSERT INTO Usuarios (nombre, apellido1, apellido2, rol, email, activo) VALUES ('Marcos', 'Alba', 'Arco', 'paciente', 'cebrian79@hotmail.com', 1);
INSERT INTO Usuarios (nombre, apellido1, apellido2, rol, email, activo) VALUES ('Selena', 'Contreras', 'Frutos', 'paciente', 'patricia98@yahoo.com', 1);
INSERT INTO Usuarios (nombre, apellido1, apellido2, rol, email, activo) VALUES ('Ileana', 'Olivé', 'Campoy', 'profesional', 'visitacionsierra@elias.es', 1);
INSERT INTO Usuarios (nombre, apellido1, apellido2, rol, email, activo) VALUES ('Emilia', 'Valbuena', 'Perez', 'profesional', 'izaguirreheriberto@torrent.com', 1);
INSERT INTO Usuarios (nombre, apellido1, apellido2, rol, email, activo) VALUES ('Eliana', 'Mayo', 'Amat', 'profesional', 'macario47@gmail.com', 1);
INSERT INTO Usuarios (nombre, apellido1, apellido2, rol, email, activo) VALUES ('Nidia', 'Caparrós', 'Teruel', 'profesional', 'isa81@hotmail.com', 1);

-- Insertar datos Pacientes
INSERT INTO Pacientes (nombre, apellido1, apellido2, genero, edad, poblacion, ocupacion, nivelEstudios) VALUES ('Manola', 'Trujillo', 'Ferrero', 'Femenino', 72, 'Salamanca', 'Ama de casa', 'Doctorado');
INSERT INTO Pacientes (nombre, apellido1, apellido2, genero, edad, poblacion, ocupacion, nivelEstudios) VALUES ('Hugo', 'Vega', 'Jiménez', 'Otro', 60, 'La Rioja', 'Empleado administrativo', 'Doctorado');
INSERT INTO Pacientes (nombre, apellido1, apellido2, genero, edad, poblacion, ocupacion, nivelEstudios) VALUES ('Paz', 'Lillo', 'Aparicio', 'Otro', 85, 'León', 'Estudiante', 'Doctorado');
INSERT INTO Pacientes (nombre, apellido1, apellido2, genero, edad, poblacion, ocupacion, nivelEstudios) VALUES ('Marianela', 'Segovia', 'Zorrilla', 'Femenino', 74, 'Lugo', 'Agricultor', 'Sin escolarización');
INSERT INTO Pacientes (nombre, apellido1, apellido2, genero, edad, poblacion, ocupacion, nivelEstudios) VALUES ('Salud', 'Peñalver', 'Novoa', 'Femenino', 73, 'Soria', 'Estudiante', 'Doctorado');
INSERT INTO Pacientes (nombre, apellido1, apellido2, genero, edad, poblacion, ocupacion, nivelEstudios) VALUES ('Jessica', 'Nieto', 'Malo', 'Femenino', 66, 'Vizcaya', 'Profesional universitario', 'Bachillerato completo');
INSERT INTO Pacientes (nombre, apellido1, apellido2, genero, edad, poblacion, ocupacion, nivelEstudios) VALUES ('Jafet', 'Alberola', 'Escamilla', 'Otro', 85, 'Jaén', 'Directivo', 'Bachillerato completo');
INSERT INTO Pacientes (nombre, apellido1, apellido2, genero, edad, poblacion, ocupacion, nivelEstudios) VALUES ('Salomé', 'Olmo', 'Santana', 'Femenino', 82, 'Guipúzcoa', 'Agricultor', 'Sin escolarización');
INSERT INTO Pacientes (nombre, apellido1, apellido2, genero, edad, poblacion, ocupacion, nivelEstudios) VALUES ('Flora', 'Manso', 'Román', 'Masculino', 70, 'Cantabria', 'Empleado administrativo', 'Secundaria completa');
INSERT INTO Pacientes (nombre, apellido1, apellido2, genero, edad, poblacion, ocupacion, nivelEstudios) VALUES ('Florencio', 'Quesada', 'Cepeda', 'Otro', 75, 'Córdoba', 'Empleado administrativo', 'Bachillerato completo');

-- Insertar datos Informes
INSERT INTO Informes (id_paciente, fechaRegistro, antecFamiliaresAlzheimer, diabetes, colesterol, migrainas, hipertension, cardiopatia, depresionDiag, accidenteCerebrovascular, trastornoSueno, horaSueno, calidadSueno, fumador, consumoAlcohol, actividadFisica, nivelEstres, dietaSaludable, presionArterialSis, presionArterialDia) VALUES (1, '29-05-2025', 1, 0, 1, 1, 0, 1, 1, '0', 0, 8.5, 1, 0, 2, 0, 8, 0, 151, 93);
INSERT INTO Informes (id_paciente, fechaRegistro, antecFamiliaresAlzheimer, diabetes, colesterol, migrainas, hipertension, cardiopatia, depresionDiag, accidenteCerebrovascular, trastornoSueno, horaSueno, calidadSueno, fumador, consumoAlcohol, actividadFisica, nivelEstres, dietaSaludable, presionArterialSis, presionArterialDia) VALUES (2, '08-08-2025', 0, 1, 0, 0, 0, 0, 0, '1', 1, 5.8, 0, 1, 2, 2, 8, 0, 154, 64);
INSERT INTO Informes (id_paciente, fechaRegistro, antecFamiliaresAlzheimer, diabetes, colesterol, migrainas, hipertension, cardiopatia, depresionDiag, accidenteCerebrovascular, trastornoSueno, horaSueno, calidadSueno, fumador, consumoAlcohol, actividadFisica, nivelEstres, dietaSaludable, presionArterialSis, presionArterialDia) VALUES (3, '16-12-2023', 0, 1, 0, 0, 0, 0, 1, '1', 1, 7.0, 2, 1, 1, 2, 8, 1, 177, 83);
INSERT INTO Informes (id_paciente, fechaRegistro, antecFamiliaresAlzheimer, diabetes, colesterol, migrainas, hipertension, cardiopatia, depresionDiag, accidenteCerebrovascular, trastornoSueno, horaSueno, calidadSueno, fumador, consumoAlcohol, actividadFisica, nivelEstres, dietaSaludable, presionArterialSis, presionArterialDia) VALUES (4, '21-02-2025', 1, 1, 0, 0, 0, 0, 0, '1', 0, 5.9, 1, 0, 0, 2, 4, 0, 114, 61);
INSERT INTO Informes (id_paciente, fechaRegistro, antecFamiliaresAlzheimer, diabetes, colesterol, migrainas, hipertension, cardiopatia, depresionDiag, accidenteCerebrovascular, trastornoSueno, horaSueno, calidadSueno, fumador, consumoAlcohol, actividadFisica, nivelEstres, dietaSaludable, presionArterialSis, presionArterialDia) VALUES (5, '12-05-2024', 0, 1, 0, 1, 0, 1, 1, '0', 0, 5.1, 0, 0, 2, 1, 6, 1, 117, 89);
INSERT INTO Informes (id_paciente, fechaRegistro, antecFamiliaresAlzheimer, diabetes, colesterol, migrainas, hipertension, cardiopatia, depresionDiag, accidenteCerebrovascular, trastornoSueno, horaSueno, calidadSueno, fumador, consumoAlcohol, actividadFisica, nivelEstres, dietaSaludable, presionArterialSis, presionArterialDia) VALUES (6, '08-05-2025', 1, 1, 0, 1, 0, 0, 1, '0', 0, 5.7, 1, 1, 1, 2, 7, 0, 145, 71);
INSERT INTO Informes (id_paciente, fechaRegistro, antecFamiliaresAlzheimer, diabetes, colesterol, migrainas, hipertension, cardiopatia, depresionDiag, accidenteCerebrovascular, trastornoSueno, horaSueno, calidadSueno, fumador, consumoAlcohol, actividadFisica, nivelEstres, dietaSaludable, presionArterialSis, presionArterialDia) VALUES (7, '15-05-2025', 1, 0, 1, 2, 1, 1, 0, '0', 1, 7.7, 0, 1, 2, 0, 6, 1, 108, 94);
INSERT INTO Informes (id_paciente, fechaRegistro, antecFamiliaresAlzheimer, diabetes, colesterol, migrainas, hipertension, cardiopatia, depresionDiag, accidenteCerebrovascular, trastornoSueno, horaSueno, calidadSueno, fumador, consumoAlcohol, actividadFisica, nivelEstres, dietaSaludable, presionArterialSis, presionArterialDia) VALUES (8, '03-05-2023', 0, 0, 0, 2, 0, 1, 1, '0', 0, 6.7, 2, 1, 2, 1, 1, 1, 155, 67);
INSERT INTO Informes (id_paciente, fechaRegistro, antecFamiliaresAlzheimer, diabetes, colesterol, migrainas, hipertension, cardiopatia, depresionDiag, accidenteCerebrovascular, trastornoSueno, horaSueno, calidadSueno, fumador, consumoAlcohol, actividadFisica, nivelEstres, dietaSaludable, presionArterialSis, presionArterialDia) VALUES (9, '03-02-2023', 1, 1, 1, 0, 1, 1, 0, '0', 1, 8.8, 2, 0, 0, 0, 1, 0, 157, 100);
INSERT INTO Informes (id_paciente, fechaRegistro, antecFamiliaresAlzheimer, diabetes, colesterol, migrainas, hipertension, cardiopatia, depresionDiag, accidenteCerebrovascular, trastornoSueno, horaSueno, calidadSueno, fumador, consumoAlcohol, actividadFisica, nivelEstres, dietaSaludable, presionArterialSis, presionArterialDia) VALUES (10, '16-04-2024', 1, 1, 0, 2, 1, 0, 1, '1', 1, 6.3, 0, 1, 2, 2, 9, 0, 143, 90);

-- Insertar datos ResultadoJuegos
INSERT INTO ResultadoJuegos (id_paciente, nombreJuego, fecha, tiempoReaccion, aciertos, errores, numeroIntentos, tiempoTotal) VALUES (10, 'Stroop', '06-02-2025', 1.54, 7, 5, 22, 47.37);
INSERT INTO ResultadoJuegos (id_paciente, nombreJuego, fecha, tiempoReaccion, aciertos, errores, numeroIntentos, tiempoTotal) VALUES (4, 'N-back', '12-12-2024', 1.5, 5, 0, 21, 33.31);
INSERT INTO ResultadoJuegos (id_paciente, nombreJuego, fecha, tiempoReaccion, aciertos, errores, numeroIntentos, tiempoTotal) VALUES (9, 'N-back', '14-07-2023', 1.05, 15, 3, 18, 47.79);
INSERT INTO ResultadoJuegos (id_paciente, nombreJuego, fecha, tiempoReaccion, aciertos, errores, numeroIntentos, tiempoTotal) VALUES (3, 'N-back', '18-11-2025', 0.92, 13, 3, 18, 58.6);
INSERT INTO ResultadoJuegos (id_paciente, nombreJuego, fecha, tiempoReaccion, aciertos, errores, numeroIntentos, tiempoTotal) VALUES (4, 'Par', '21-05-2023', 1.03, 11, 3, 16, 40.34);
INSERT INTO ResultadoJuegos (id_paciente, nombreJuego, fecha, tiempoReaccion, aciertos, errores, numeroIntentos, tiempoTotal) VALUES (9, 'N-back', '21-03-2025', 0.95, 13, 1, 12, 16.11);
INSERT INTO ResultadoJuegos (id_paciente, nombreJuego, fecha, tiempoReaccion, aciertos, errores, numeroIntentos, tiempoTotal) VALUES (3, 'N-back', '15-10-2023', 1.53, 9, 0, 19, 13.57);
INSERT INTO ResultadoJuegos (id_paciente, nombreJuego, fecha, tiempoReaccion, aciertos, errores, numeroIntentos, tiempoTotal) VALUES (8, 'Par', '08-09-2024', 1.41, 6, 7, 25, 21.91);
INSERT INTO ResultadoJuegos (id_paciente, nombreJuego, fecha, tiempoReaccion, aciertos, errores, numeroIntentos, tiempoTotal) VALUES (5, 'Par', '09-04-2024', 1.3, 15, 5, 22, 28.76);
INSERT INTO ResultadoJuegos (id_paciente, nombreJuego, fecha, tiempoReaccion, aciertos, errores, numeroIntentos, tiempoTotal) VALUES (7, 'Stroop', '04-09-2025', 1.62, 18, 10, 21, 46.63);
INSERT INTO ResultadoJuegos (id_paciente, nombreJuego, fecha, tiempoReaccion, aciertos, errores, numeroIntentos, tiempoTotal) VALUES (7, 'Par', '12-11-2023', 1.01, 8, 1, 29, 24.45);
INSERT INTO ResultadoJuegos (id_paciente, nombreJuego, fecha, tiempoReaccion, aciertos, errores, numeroIntentos, tiempoTotal) VALUES (9, 'Stroop', '22-10-2025', 1.46, 17, 8, 13, 33.11);
INSERT INTO ResultadoJuegos (id_paciente, nombreJuego, fecha, tiempoReaccion, aciertos, errores, numeroIntentos, tiempoTotal) VALUES (9, 'Par', '04-08-2024', 1.46, 8, 6, 12, 23.98);
INSERT INTO ResultadoJuegos (id_paciente, nombreJuego, fecha, tiempoReaccion, aciertos, errores, numeroIntentos, tiempoTotal) VALUES (1, 'Par', '15-05-2023', 2.48, 17, 9, 22, 56.86);
INSERT INTO ResultadoJuegos (id_paciente, nombreJuego, fecha, tiempoReaccion, aciertos, errores, numeroIntentos, tiempoTotal) VALUES (5, 'Stroop', '02-03-2025', 2.38, 17, 5, 29, 42.63);
INSERT INTO ResultadoJuegos (id_paciente, nombreJuego, fecha, tiempoReaccion, aciertos, errores, numeroIntentos, tiempoTotal) VALUES (2, 'Par', '23-05-2025', 2.26, 20, 10, 22, 19.51);
INSERT INTO ResultadoJuegos (id_paciente, nombreJuego, fecha, tiempoReaccion, aciertos, errores, numeroIntentos, tiempoTotal) VALUES (4, 'Stroop', '28-01-2023', 1.26, 18, 5, 13, 18.5);
INSERT INTO ResultadoJuegos (id_paciente, nombreJuego, fecha, tiempoReaccion, aciertos, errores, numeroIntentos, tiempoTotal) VALUES (1, 'N-back', '10-01-2023', 1.9, 20, 5, 14, 25.0);
INSERT INTO ResultadoJuegos (id_paciente, nombreJuego, fecha, tiempoReaccion, aciertos, errores, numeroIntentos, tiempoTotal) VALUES (6, 'Par', '13-07-2023', 0.95, 20, 5, 30, 17.86);
INSERT INTO ResultadoJuegos (id_paciente, nombreJuego, fecha, tiempoReaccion, aciertos, errores, numeroIntentos, tiempoTotal) VALUES (10, 'Par', '05-10-2025', 2.11, 15, 5, 17, 22.96);